model,rmse,mape,aic
"ARIMA(0, 1, 0)",13.7261342949396,0.6176381480674789,66774.17741293547
"ARIMA(1, 1, 0)",13.724498984338316,0.6180182057322845,66772.39262786409
"ARIMA(0, 1, 1)",13.724563970819837,0.6180436027416932,66766.0425789197
"ARIMA(1, 1, 1)",13.72236809339539,0.6183161026551851,66766.30108793522
