model,rmse,mape
Naive (t-1),13.7261342949396,0.6176381480674789
Moving Average (5d),20.063146126720746,0.9680215012210323
Moving Average (20d),34.92062703933439,1.7728938989082472
Moving Average (60d),56.757497685536606,2.9673737711325208
